Name,Team,Position,Week,Opponent,Salary,Snap%,TmSnaps,OppSnap,Proj Snaps,FPts/Snap,ProjPts
Cooper Kupp,LAR,WR,1,BUF,9500,94,62.33,67.20745342,60.88260311,0.288,13.72349566
Jonathan Taylor,IND,RB,1,HOU,9100,68.9,61.81374723,59.51785714,41.79873771,0.434,19.55414542
Derrick Henry,TEN,RB,1,NYG,8600,71.1,66.51980907,61.86046512,45.63918747,0.427,18.97243725
Christian McCaffrey,CAR,RB,1,CLE,8500,86,65.12302632,61.91117479,54.62470647,0.333,20.14834053
Austin Ekeler,LAC,RB,1,LV,8200,61.1,66.39493671,63.64705882,39.72782964,0.375,14.33949241
Davante Adams,LV,WR,1,LAC,8100,79.4,63.64705882,66.39493671,51.62667223,0.25,14.84554242
Dalvin Cook,MIN,RB,1,GB,7900,53.3,63.70588235,63.12888889,33.80146654,0.283,8.860315496
Justin Jefferson,MIN,WR,1,GB,7800,88.9,63.70588235,63.12888889,56.37805582,0.219,11.43619146
Patrick Mahomes,KC,QB,1,ARI,7700,100,66.6225,66.20579065,66.41414532,0.311,20.79031109
Justin Herbert,LAC,QB,1,LV,7600,100,66.39493671,63.64705882,65.02099777,0.32,20.026787
Alvin Kamara,NO,RB,1,ATL,7600,57.5,61.78956044,59.13865815,34.76686284,0.299,11.66499086
Deebo Samuel,SF,WR,1,CHI,7400,76,61.48618267,63.25562701,47.40188768,0.316,14.29227787
Josh Allen,BUF,QB,1,LAR,7300,100,67.20745342,62.33,64.76872671,0.347,20.87195024
Lamar Jackson,BAL,QB,1,NYJ,7300,100,69.81395349,60.82322581,65.31858965,0.296,23.53078167
Mike Evans,TB,WR,1,DAL,7300,77.3,67.09178082,67.87471698,52.1645514,0.206,9.325381844
Kyler Murray,ARI,QB,1,KC,7200,100,66.20579065,66.6225,66.41414532,0.32,21.90025437
Joe Mixon,CIN,RB,1,PIT,7100,63.5,61.62304348,65.54693878,40.37646937,0.352,13.56610212
Ja'Marr Chase,CIN,WR,1,PIT,7100,85.5,61.62304348,65.54693878,54.36516741,0.238,12.35042109
Aaron Rodgers,GB,QB,1,MIN,7000,100,63.12888889,63.70588235,63.41738562,0.338,21.47167366
James Conner,ARI,RB,1,KC,7000,51,66.20579065,66.6225,33.87121411,0.369,12.87940272
Keenan Allen,LAC,WR,1,LV,7000,81.3,66.39493671,63.64705882,52.86207118,0.156,7.937366693
Dak Prescott,DAL,QB,1,TB,6900,100,67.87471698,67.09178082,67.4832489,0.288,14.18898513
Tom Brady,TB,QB,1,DAL,6800,100,67.09178082,67.87471698,67.4832489,0.329,19.26707586
Jalen Hurts,PHI,QB,1,DET,6800,100,63.19256757,62.06030769,62.62643763,0.327,22.41283389
D'Andre Swift,DET,RB,1,PHI,6800,50.8,62.06030769,63.19256757,31.81423032,0.262,9.312648326
Mark Andrews,BAL,TE,1,NYJ,6800,75.4,69.81395349,60.82322581,49.25021659,0.207,12.40755859
Tyreek Hill,MIA,WR,1,NE,6800,72.6,64.66187683,61.93593074,45.95500415,0.214,11.27553832
Aaron Jones,GB,RB,1,MIN,6700,51.8,63.12888889,63.70588235,32.85020575,0.306,10.06932559
Travis Kelce,KC,TE,1,ARI,6600,77.5,66.6225,66.20579065,51.47096263,0.184,9.53279216
Russell Gage,TB,WR,1,DAL,6600,58.2,67.09178082,67.87471698,39.27525086,0.158,5.385176986
Mike Williams,LAC,WR,1,LV,6600,74.9,66.39493671,63.64705882,48.70072733,0.19,8.906287681
Nick Chubb,CLE,RB,1,CAR,6500,43.5,61.91117479,65.12302632,27.62993874,0.405,10.26908515
Leonard Fournette,TB,RB,1,DAL,6500,63.4,67.09178082,67.87471698,42.7843798,0.3,11.13859523
Terry McLaurin,WAS,WR,1,JAX,6500,89.6,62.92238806,60.54229249,55.31217689,0.135,9.200145206
Joe Burrow,CIN,QB,1,PIT,6400,100,61.62304348,65.54693878,63.58499113,0.312,18.93621986
Najee Harris,PIT,RB,1,CIN,6400,83.5,65.54693878,61.62304348,53.09346759,0.231,11.70222625
A.J. Brown,PHI,WR,1,DET,6400,62.3,63.19256757,62.06030769,39.01627064,0.195,8.326676223
Jaylen Waddle,MIA,WR,1,NE,6400,78.2,64.66187683,61.93593074,49.49974276,0.157,8.910319904
Josh Jacobs,LV,RB,1,LAC,6300,54.8,63.64705882,66.39493671,35.63150678,0.275,11.27064606
Brandin Cooks,HOU,WR,1,IND,6300,78,59.51785714,61.81374723,47.3193257,0.171,8.990577667
Alexander Mattison,MIN,RB,1,GB,6200,33,63.70588235,63.12888889,20.92773725,0.249,4.826683578
Marquise Brown,ARI,WR,1,KC,6200,74.4,66.20579065,66.6225,49.41212412,0.146,7.434041344
Matthew Stafford,LAR,QB,1,BUF,6100,100,62.33,67.20745342,64.76872671,0.31,15.71470026
Kirk Cousins,MIN,QB,1,GB,6100,100,63.70588235,63.12888889,63.41738562,0.276,16.21229972
Saquon Barkley,NYG,RB,1,TEN,6100,46.6,61.86046512,66.51980907,29.91260389,0.21,7.820378745
Tee Higgins,CIN,WR,1,PIT,6100,64.6,61.62304348,65.54693878,41.07590427,0.204,7.998367941
Amon-Ra St. Brown,DET,WR,1,PHI,6100,74,62.06030769,63.19256757,46.34356385,0.168,8.698596802
Trey Lance,SF,QB,1,CHI,6000,100,61.48618267,63.25562701,62.37090484,0.365,21.72169147
David Montgomery,CHI,RB,1,SF,6000,74.6,63.25562701,61.48618267,46.52869501,0.238,9.961057874
Diontae Johnson,PIT,WR,1,CIN,6000,84.1,65.54693878,61.62304348,53.47497754,0.17,8.673910814
DJ Moore,CAR,WR,1,CLE,6000,86.3,65.12302632,61.91117479,54.81525778,0.146,8.864622564
Derek Carr,LV,QB,1,LAC,5900,100,63.64705882,66.39493671,65.02099777,0.228,17.05180692
Mark Ingram II,NO,RB,1,ATL,5900,34.6,61.78956044,59.13865815,20.92058182,0.204,4.789074972
George Kittle,SF,TE,1,CHI,5900,91.9,61.48618267,63.25562701,57.31886155,0.151,8.25834905
Amari Cooper,CLE,WR,1,CAR,5900,68,61.91117479,65.12302632,43.19162837,0.161,6.381492508
Stefon Diggs,BUF,WR,1,LAR,5900,81.6,67.20745342,62.33,52.85128099,0.187,9.178364931
Cordarrelle Patterson,ATL,RB,1,NO,5800,45,59.13865815,61.78956044,27.20884918,0.386,9.798581272
Antonio Gibson,WAS,RB,1,JAX,5800,53.6,62.92238806,60.54229249,33.08853439,0.31,12.63803015
Hunter Renfrow,LV,WR,1,LAC,5800,66.5,63.64705882,66.39493671,43.23896351,0.206,10.24529399
Ryan Tannehill,TEN,QB,1,NYG,5700,100,66.51980907,61.86046512,64.19013709,0.23,14.37320055
Tua Tagovailoa,MIA,QB,1,NE,5700,100,64.66187683,61.93593074,63.29890378,0.233,16.90996903
Kareem Hunt,CLE,RB,1,CAR,5700,29.4,61.91117479,65.12302632,18.67402756,0.376,6.443512128
Devin Singletary,BUF,RB,1,LAR,5700,59.9,67.20745342,62.33,38.7964673,0.22,7.926529114
Ezekiel Elliott,DAL,RB,1,TB,5700,66,67.87471698,67.09178082,44.53894428,0.253,8.226655336
Damien Harris,NE,RB,1,MIA,5700,36.7,61.93593074,64.66187683,23.23069769,0.473,8.292780178
Kyle Pitts,ATL,TE,1,NO,5700,73.6,59.13865815,61.78956044,44.50158444,0.14,5.812583847
CeeDee Lamb,DAL,WR,1,TB,5700,71.8,67.87471698,67.09178082,48.45297271,0.174,6.155063508
Darnell Mooney,CHI,WR,1,SF,5700,87.9,63.25562701,61.48618267,54.82402535,0.141,6.953407258
Justin Fields,CHI,QB,1,SF,5600,100,63.25562701,61.48618267,62.37090484,0.2,11.22069285
Trevor Lawrence,JAX,QB,1,WAS,5600,100,60.54229249,62.92238806,61.73234027,0.185,16.11586245
James Robinson,JAX,RB,1,WAS,5600,0,60.54229249,62.92238806,0,0.27,0
Allen Lazard,GB,WR,1,MIN,5600,64.2,63.12888889,63.70588235,40.71396157,0.143,5.832036901
Robert Woods,TEN,WR,1,NYG,5600,84.6,66.51980907,61.86046512,54.30485598,0.17,8.987624795
Matt Ryan,IND,QB,1,HOU,5500,100,61.81374723,59.51785714,60.66580219,0.218,14.25562895
Carson Wentz,WAS,QB,1,JAX,5500,100,62.92238806,60.54229249,61.73234027,0.236,17.95001875
Rhamondre Stevenson,NE,RB,1,MIA,5500,24,61.93593074,64.66187683,15.19173691,0.381,4.3682669
DeVonta Smith,PHI,WR,1,DET,5500,81.8,63.19256757,62.06030769,51.22842598,0.133,7.45682523
Michael Pittman Jr.,IND,WR,1,HOU,5500,88,61.81374723,59.51785714,53.38590592,0.154,8.862031355
Mac Jones,NE,QB,1,MIA,5400,100,61.93593074,64.66187683,63.29890378,0.211,10.07988097
Jared Goff,DET,QB,1,PHI,5400,100,62.06030769,63.19256757,62.62643763,0.212,14.83351449
Miles Sanders,PHI,RB,1,DET,5400,45.6,63.19256757,62.06030769,28.55765556,0.214,6.688483126
Chuba Hubbard,CAR,RB,1,CLE,5400,40.5,65.12302632,61.91117479,25.72442572,0.242,6.895519433
Elijah Mitchell,SF,RB,1,CHI,5400,40.4,61.48618267,63.25562701,25.19784556,0.331,7.958113616
Clyde Edwards-Helaire,KC,RB,1,ARI,5400,41.8,66.6225,66.20579065,27.76111274,0.288,8.047655339
Duke Johnson,BUF,RB,1,LAR,5400,44.1,67.20745342,62.33,28.56300848,0.37,9.81462859
Darren Waller,LV,TE,1,LAC,5400,53.3,63.64705882,66.39493671,34.65619181,0.129,5.142241615
Adam Thielen,MIN,WR,1,GB,5400,73,63.70588235,63.12888889,46.2946915,0.175,7.50406264
DeAndre Hopkins,ARI,WR,1,KC,5400,63.6,66.20579065,66.6225,42.23939643,0.188,8.183030044
Sam Darnold,CAR,QB,1,CLE,5300,0,65.12302632,61.91117479,0,0.204,0
Andy Dalton,NO,QB,1,ATL,5300,36.7,61.78956044,59.13865815,22.19032811,0.204,5.079741372
Davis Mills,HOU,QB,1,IND,5300,100,59.51785714,61.81374723,60.66580219,0.211,14.22261124
Baker Mayfield,CAR,QB,1,CLE,5300,100,65.12302632,61.91117479,63.51710055,0.206,14.4931844
Jameis Winston,NO,QB,1,ATL,5300,100,61.78956044,59.13865815,60.46410929,0.316,21.44037871
AJ Dillon,GB,RB,1,MIN,5300,42.7,63.12888889,63.70588235,27.07922366,0.318,8.625895504
Rashod Bateman,BAL,WR,1,NYJ,5300,67.6,69.81395349,60.82322581,44.1553666,0.095,5.105225672
Jimmy Garoppolo,SF,QB,1,CHI,5200,0,61.48618267,63.25562701,0,0.249,0
Colt McCoy,ARI,QB,1,KC,5200,17.8,66.20579065,66.6225,11.82171787,0.198,2.412039265
Jacoby Brissett,CLE,QB,1,CAR,5200,100,61.91117479,65.12302632,63.51710055,0.192,11.19151043
Jamaal Williams,DET,RB,1,PHI,5200,28.8,62.06030769,63.19256757,18.03641404,0.296,5.964752093
Chase Edmonds,MIA,RB,1,NE,5200,52.6,64.66187683,61.93593074,33.29522339,0.211,8.054806106
Dalton Schultz,DAL,TE,1,TB,5200,80.9,67.87471698,67.09178082,54.59394836,0.132,5.261157444
JuJu Smith-Schuster,KC,WR,1,ARI,5200,68.9,66.6225,66.20579065,45.75934613,0.089,4.099301178
Gabe Davis,BUF,WR,1,LAR,5200,47.7,67.20745342,62.33,30.89468264,0.159,4.561934646
Brandon Aiyuk,SF,WR,1,CHI,5200,83,61.48618267,63.25562701,51.76785102,0.126,6.223710941
Zach Wilson,NYJ,QB,1,BAL,5100,0,60.82322581,69.81395349,0,0.205,0
Jeff Wilson Jr.,SF,RB,1,CHI,5100,35.5,61.48618267,63.25562701,22.14167122,0.195,4.119682443
Nyheim Hines,IND,RB,1,HOU,5100,31.6,61.81374723,59.51785714,19.17039349,0.206,4.256809276
J.D. McKissic,WAS,RB,1,JAX,5100,38.5,62.92238806,60.54229249,23.76695101,0.248,7.262151655
Michael Carter,NYJ,RB,1,BAL,5100,48.8,60.82322581,69.81395349,31.87547175,0.264,9.721751378
Elijah Moore,NYJ,WR,1,BAL,5100,45.5,60.82322581,69.81395349,29.71995829,0.2,6.866922623
Christian Kirk,JAX,WR,1,WAS,5100,76.2,60.54229249,62.92238806,47.04004329,0.146,9.691469886
Teddy Bridgewater,MIA,QB,1,NE,5000,0,64.66187683,61.93593074,0,0.24,0
Tyler Huntley,BAL,QB,1,NYJ,5000,30,69.81395349,60.82322581,19.59557689,0.222,5.294425876
Daniel Jones,NYG,QB,1,TEN,5000,100,61.86046512,66.51980907,64.19013709,0.247,19.73874463
Tony Pollard,DAL,RB,1,TB,5000,30.5,67.87471698,67.09178082,20.58239091,0.314,4.718330229
Chase Claypool,PIT,WR,1,CIN,5000,70.2,65.54693878,61.62304348,44.63666377,0.131,5.57928367
Jarvis Landry,NO,WR,1,ATL,5000,65.2,61.78956044,59.13865815,39.42259926,0.152,6.724137
Cooper Rush,DAL,QB,1,TB,4900,9.2,67.87471698,67.09178082,6.208458899,0.213,0.9654421965
Gardner Minshew,PHI,QB,1,DET,4900,14.8,63.19256757,62.06030769,9.268712769,0.203,2.059239087
Rex Burkhead,HOU,RB,1,IND,4900,35.5,59.51785714,61.81374723,21.53635978,0.21,5.025097954
Darrel Williams,ARI,RB,1,KC,4900,47.5,66.20579065,66.6225,31.54671903,0.262,8.517145799
T.J. Hockenson,DET,TE,1,PHI,4900,77.6,62.06030769,63.19256757,48.5981156,0.128,6.949921357
Sterling Shepard,NYG,WR,1,TEN,4900,37.8,61.86046512,66.51980907,24.26387182,0.121,3.655104057
K.J. Osborn,MIN,WR,1,GB,4900,67.8,63.70588235,63.12888889,42.99698745,0.14,5.575621337
Corey Davis,NYJ,WR,1,BAL,4900,55.6,60.82322581,69.81395349,36.31713584,0.158,6.629070534
Joe Flacco,NYJ,QB,1,BAL,4800,100,60.82322581,69.81395349,65.31858965,0.361,27.24130843
Mike Gesicki,MIA,TE,1,NE,4800,71.8,64.66187683,61.93593074,45.44861292,0.111,5.784080308
DeVante Parker,NE,WR,1,MIA,4800,62.4,61.93593074,64.66187683,39.49851596,0.118,3.517544055
Nick Westbrook-Ikhine,TEN,WR,1,NYG,4800,55.8,66.51980907,61.86046512,35.8180965,0.105,3.661416609
Kenny Golladay,NYG,WR,1,TEN,4800,60.5,61.86046512,66.51980907,38.83503294,0.078,3.771139107
Robbie Anderson,CAR,WR,1,CLE,4800,85.1,65.12302632,61.91117479,54.05305257,0.087,5.208892687
Tyler Boyd,CIN,WR,1,PIT,4800,73.5,61.62304348,65.54693878,46.73496848,0.145,6.468357793
DJ Chark,DET,WR,1,PHI,4800,66.5,62.06030769,63.19256757,41.64658102,0.162,7.537804323
Jordan Love,GB,QB,1,MIN,4700,11.7,63.12888889,63.70588235,7.419834118,0.161,1.19663289
Sony Michel,MIA,RB,1,NE,4700,49.4,64.66187683,61.93593074,31.26965847,0.233,8.353524701
Sammy Watkins,GB,WR,1,MIN,4700,36.9,63.12888889,63.70588235,23.40101529,0.095,2.226892072
Marquez Valdes-Scantling,KC,WR,1,ARI,4700,57.4,66.6225,66.20579065,38.12171942,0.134,5.141824977
Case Keenum,BUF,QB,1,LAR,4600,15.7,67.20745342,62.33,10.16869009,0.165,1.558178303
Taysom Hill,NO,TE,1,ATL,4600,39.5,61.78956044,59.13865815,23.88332317,0.273,7.316529236
Julio Jones,TB,WR,1,DAL,4600,40.1,67.09178082,67.87471698,27.06078281,0.126,2.958930928
Mecole Hardman,KC,WR,1,ARI,4600,52.1,66.6225,66.20579065,34.60176971,0.131,4.562570811
A.J. Green,ARI,WR,1,KC,4600,75.7,66.20579065,66.6225,50.27550801,0.116,6.009703551
Tyrod Taylor,NYG,QB,1,TEN,4500,0,61.86046512,66.51980907,0,0.253,0
Mason Rudolph,PIT,QB,1,CIN,4500,8.3,65.54693878,61.62304348,5.277554264,0.189,0.9517216125
Dontrell Hilliard,TEN,RB,1,NYG,4500,35.3,66.51980907,61.86046512,22.65911839,0.271,5.978189061
Darrell Henderson Jr.,LAR,RB,1,BUF,4500,52.5,62.33,67.20745342,34.00358152,0.265,7.0526054
Myles Gaskin,MIA,RB,1,NE,4500,49.8,64.66187683,61.93593074,31.52285408,0.217,7.842887181
Dallas Goedert,PHI,TE,1,DET,4500,69.7,63.19256757,62.06030769,43.65062703,0.14,6.688208963
Indianapolis Colts,IND,DST,1,HOU,4500,,,,,,9.2
Taylor Heinicke,WAS,QB,1,JAX,4400,0,62.92238806,60.54229249,0,0.218,0
Brandon Bolden,LV,RB,1,LAC,4400,31,63.64705882,66.39493671,20.15650931,0.243,5.633827259
Mike Davis,BAL,RB,1,NYJ,4400,56.5,69.81395349,60.82322581,36.90500315,0.159,7.141512741
D'Onta Foreman,CAR,RB,1,CLE,4400,38,65.12302632,61.91117479,24.13649821,0.369,9.865215129
Zach Ertz,ARI,TE,1,KC,4400,74.3,66.20579065,66.6225,49.34570997,0.126,6.407056291
Jamison Crowder,BUF,WR,1,LAR,4400,48.4,67.20745342,62.33,31.34806373,0.109,3.173258233
Donovan Peoples-Jones,CLE,WR,1,CAR,4400,63.1,61.91117479,65.12302632,40.07929045,0.108,3.972286732
Byron Pringle,CHI,WR,1,SF,4400,49,63.25562701,61.48618267,30.56174337,0.145,3.986151136
Marvin Jones Jr.,JAX,WR,1,WAS,4400,90.3,60.54229249,62.92238806,55.74430327,0.109,8.574248611
Dawson Knox,BUF,TE,1,LAR,4300,76.5,67.20745342,62.33,49.54807593,0.126,5.797830789
Terrace Marshall Jr.,CAR,WR,1,CLE,4300,39.2,65.12302632,61.91117479,24.89870342,0.037,1.02043275
Jakobi Meyers,NE,WR,1,MIA,4300,84.3,61.93593074,64.66187683,53.36097589,0.111,4.470164465
Tre'Quan Smith,NO,WR,1,ATL,4300,65.2,61.78956044,59.13865815,39.42259926,0.107,4.733438546
Tim Boyle,DET,QB,1,PHI,4200,37,62.06030769,63.19256757,23.17178192,0.135,3.494971929
Pat Freiermuth,PIT,TE,1,CIN,4200,58.2,65.54693878,61.62304348,37.00646484,0.134,4.73148882
Darius Slayton,NYG,WR,1,TEN,4200,48.7,61.86046512,66.51980907,31.26059676,0.079,3.07452924
Bryan Edwards,ATL,WR,1,NO,4200,71.1,59.13865815,61.78956044,42.98998171,0.093,3.730060964
Nico Collins,HOU,WR,1,IND,4200,59.2,59.51785714,61.81374723,35.91415489,0.094,3.750994647
Kendrick Bourne,NE,WR,1,MIA,4200,51.8,61.93593074,64.66187683,32.78883216,0.219,5.419345294
Kadarius Toney,NYG,WR,1,TEN,4100,27.3,61.86046512,66.51980907,17.52390743,0.144,3.141577041
Zay Jones,JAX,WR,1,WAS,4100,56.1,60.54229249,62.92238806,34.63184289,0.092,4.496064284
San Francisco 49ers,SF,DST,1,CHI,4100,,,,,,9.8
Ian Book,NO,QB,1,ATL,4000,4.6,61.78956044,59.13865815,2.781349027,0.04,0.1248427115
Sean Mannion,MIN,QB,1,GB,4000,4.5,63.70588235,63.12888889,2.853782353,0.254,0.671400673
PJ Walker,CAR,QB,1,CLE,4000,11,65.12302632,61.91117479,6.986881061,0.109,0.8435596163
Nick Foles,IND,QB,1,HOU,4000,6.6,61.81374723,59.51785714,4.003942944,0.227,0.97971483
Nick Mullens,MIN,QB,1,GB,4000,16.9,63.70588235,63.12888889,10.71753817,0.176,1.747168995
Mike White,NYJ,QB,1,BAL,4000,19,60.82322581,69.81395349,12.41053203,0.209,2.996543927
Trevor Siemian,CHI,QB,1,SF,4000,32.9,63.25562701,61.48618267,20.52002769,0.251,4.632967976
Jason Huntley,PHI,RB,1,DET,4000,11.5,63.19256757,62.06030769,7.202040327,0.165,1.300561233
Ty Johnson,NYJ,RB,1,BAL,4000,36.8,60.82322581,69.81395349,24.03724099,0.203,5.637215249
Craig Reynolds,DET,RB,1,PHI,4000,37.2,62.06030769,63.19256757,23.2970348,0.239,6.220840126
Olamide Zaccheaus,ATL,WR,1,NO,4000,58,59.13865815,61.78956044,35.06918339,0.096,3.140961458
Rondale Moore,ARI,WR,1,KC,4000,36.9,66.20579065,66.6225,24.50681962,0.128,3.232477544
Braxton Berrios,NYJ,WR,1,BAL,4000,36.6,60.82322581,69.81395349,23.90660381,0.177,4.888494301
Baltimore Ravens,BAL,DST,1,NYJ,4000,,,,,,8.5
Los Angeles Chargers,LAC,DST,1,LV,4000,,,,,,8.1
Zack Moss,BUF,RB,1,LAR,3900,31.7,67.20745342,62.33,20.53168637,0.216,4.118571115
David Njoku,CLE,TE,1,CAR,3900,60.5,61.91117479,65.12302632,38.42784583,0.107,3.773345976
Robert Tonyan,GB,TE,1,MIN,3900,60.1,63.12888889,63.70588235,38.11384876,0.106,4.046965806
Laviska Shenault Jr.,JAX,WR,1,WAS,3900,64.2,60.54229249,62.92238806,39.63216246,0.092,5.145228646
Cedrick Wilson Jr.,MIA,WR,1,NE,3900,43,64.66187683,61.93593074,27.21852863,0.195,6.085411601
Gerald Everett,LAC,TE,1,LV,3800,65.6,66.39493671,63.64705882,42.65377453,0.107,4.392875729
Hunter Henry,NE,TE,1,MIA,3800,67.8,61.93593074,64.66187683,42.91665677,0.153,4.955575226
Breshad Perriman,TB,WR,1,DAL,3800,14.5,67.09178082,67.87471698,9.785071091,0.146,1.239768985
Joshua Palmer,LAC,WR,1,LV,3800,38.3,66.39493671,63.64705882,24.90304214,0.131,3.140012451
Devin Duvernay,BAL,WR,1,NYJ,3800,48.6,69.81395349,60.82322581,31.74483457,0.083,3.20670497
Cleveland Browns,CLE,DST,1,CAR,3800,,,,,,8.3
Cole Kmet,CHI,TE,1,SF,3700,83.3,63.25562701,61.48618267,51.95496373,0.065,3.037722073
Austin Hooper,TEN,TE,1,NYG,3700,64.8,66.51980907,61.86046512,41.59520884,0.076,3.077614698
Tyler Johnson,TB,WR,1,DAL,3700,51.7,67.09178082,67.87471698,34.88883968,0.059,1.786333177
Laquon Treadwell,JAX,WR,1,WAS,3700,65.5,60.54229249,62.92238806,40.43468288,0.102,5.820004163
New Orleans Saints,NO,DST,1,ATL,3700,,,,,,9.5
C.J. Uzomah,NYJ,TE,1,BAL,3600,73,60.82322581,69.81395349,47.68257044,0.099,5.453543934
Allen Robinson II,LAR,WR,1,BUF,3600,55,62.33,67.20745342,35.62279969,0.079,2.202592666
Josh Reynolds,DET,WR,1,PHI,3600,39.8,62.06030769,63.19256757,24.92532218,0.109,3.035412858
Cincinnati Bengals,CIN,DST,1,PIT,3600,,,,,,9.1
Evan Engram,JAX,TE,1,WAS,3500,65.6,60.54229249,62.92238806,40.49641522,0.078,4.457386215
Tyler Conklin,NYJ,TE,1,BAL,3500,81,60.82322581,69.81395349,52.90805761,0.084,5.134345223
Damiere Byrd,ATL,WR,1,NO,3500,55.3,59.13865815,61.78956044,33.43665244,0.063,1.965300938
Cam Sims,WAS,WR,1,JAX,3500,25.5,62.92238806,60.54229249,15.74174677,0.118,2.288627391
Keelan Cole,LV,WR,1,LAC,3500,50.1,63.64705882,66.39493671,32.57551988,0.091,3.409688286
Kalif Raymond,DET,WR,1,PHI,3500,67.3,62.06030769,63.19256757,42.14759252,0.114,5.36819292
Van Jefferson,LAR,WR,1,BUF,3500,80.3,62.33,67.20745342,52.00928755,0.135,5.495329297
Marquez Callaway,NO,WR,1,ATL,3500,76.4,61.78956044,59.13865815,46.1945795,0.127,6.583281854
Tennessee Titans,TEN,DST,1,NYG,3500,,,,,,9.6
Mo Alie-Cox,IND,TE,1,HOU,3400,54.8,61.81374723,59.51785714,33.2448596,0.091,3.261007819
Tyler Higbee,LAR,TE,1,BUF,3400,81.1,62.33,67.20745342,52.52743736,0.097,3.987833308
Rashard Higgins,CAR,WR,1,CLE,3400,46,65.12302632,61.91117479,29.21786625,0.066,2.135985818
Antoine Wesley,ARI,WR,1,KC,3400,39.2,66.20579065,66.6225,26.03434497,0.085,2.280363986
Nelson Agholor,NE,WR,1,MIA,3400,63.9,61.93593074,64.66187683,40.44799952,0.094,2.869469812
Demarcus Robinson,BAL,WR,1,NYJ,3400,58.2,69.81395349,60.82322581,38.01541917,0.064,2.961062688
Quez Watkins,PHI,WR,1,DET,3400,68.8,63.19256757,62.06030769,43.08698909,0.095,4.479825147
Randall Cobb,GB,WR,1,MIN,3400,47.1,63.12888889,63.70588235,29.86958863,0.177,5.295943841
Carolina Panthers,CAR,DST,1,CLE,3400,,,,,,6.9
Hayden Hurst,CIN,TE,1,PIT,3300,47.3,61.62304348,65.54693878,30.0757008,0.093,2.669824921
Ricky Seals-Jones,NYG,TE,1,TEN,3300,47.5,61.86046512,66.51980907,30.49031512,0.077,2.922852571
Chris Conley,HOU,WR,1,IND,3300,58.4,59.51785714,61.81374723,35.42882848,0.068,2.676816766
Parris Campbell,IND,WR,1,HOU,3300,39.4,61.81374723,59.51785714,23.90232606,0.125,3.220595073
Anthony Firkser,ATL,TE,1,NO,3200,33.4,59.13865815,61.78956044,20.1950125,0.114,2.147903169
Foster Moreau,LV,TE,1,LAC,3200,65.6,63.64705882,66.39493671,42.65377453,0.074,3.630539101
Logan Thomas,WAS,TE,1,JAX,3200,73.9,62.92238806,60.54229249,45.62019946,0.121,6.801155623
Anthony Schwartz,CLE,WR,1,CAR,3200,26.6,61.91117479,65.12302632,16.89554875,0.079,1.224887501
Jalen Guyton,LAC,WR,1,LV,3200,51.3,66.39493671,63.64705882,33.35577185,0.108,3.467387834
Green Bay Packers,GB,DST,1,MIN,3200,,,,,,6.6
Tommy Tremble,CAR,TE,1,CLE,3100,45.3,65.12302632,61.91117479,28.77324655,0.064,2.039739816
John Bates,WAS,TE,1,JAX,3100,46.1,62.92238806,60.54229249,28.45860887,0.06,2.103803046
Brevin Jordan,HOU,TE,1,IND,3100,21.8,59.51785714,61.81374723,13.22514488,0.154,2.26294552
Adam Trautman,NO,TE,1,ATL,3100,71.9,61.78956044,59.13865815,43.47369458,0.057,2.780667851
Tajae Sharpe,CHI,WR,1,SF,3100,48.5,63.25562701,61.48618267,30.24988885,0.045,1.224458108
James Washington,DAL,WR,1,TB,3100,40.9,67.87471698,67.09178082,27.6006488,0.087,1.753078673
DeAndre Carter,LAC,WR,1,LV,3100,44.8,66.39493671,63.64705882,29.129407,0.112,3.140200202
Jauan Jennings,SF,WR,1,CHI,3100,30.9,61.48618267,63.25562701,19.2726096,0.173,3.181305372
Philadelphia Eagles,PHI,DST,1,DET,3100,,,,,,6.4
Drew Sample,CIN,TE,1,PIT,3000,41.7,61.62304348,65.54693878,26.5149413,0.018,0.4555617508
Ian Thomas,CAR,TE,1,CLE,3000,61.2,65.12302632,61.91117479,38.87246554,0.027,1.162550384
Kyle Rudolph,TB,TE,1,DAL,3000,45.4,67.09178082,67.87471698,30.637395,0.067,1.781355361
Geoff Swaim,TEN,TE,1,NYG,3000,60.7,66.51980907,61.86046512,38.96341322,0.054,2.048368555
Jalen Camp,HOU,WR,1,IND,3000,33.9,59.51785714,61.81374723,20.56570694,0,0
Preston Williams,MIA,WR,1,NE,3000,15.2,64.66187683,61.93593074,9.621433375,0.045,0.4964128247
David Sills V,NYG,WR,1,TEN,3000,37.1,61.86046512,66.51980907,23.81454086,0.017,0.5040172567
Juwann Winfree,GB,WR,1,MIN,3000,31.4,63.12888889,63.70588235,19.91305908,0.027,0.5385705601
Keith Kirkwood,CAR,WR,1,CLE,3000,35.2,65.12302632,61.91117479,22.35801939,0.023,0.569596218
Ty Montgomery,NE,WR,1,MIA,3000,27.5,61.93593074,64.66187683,17.40719854,0.046,0.6043151388
Equanimeous St. Brown,CHI,WR,1,SF,3000,29.3,63.25562701,61.48618267,18.27467512,0.038,0.6246559712
Trinity Benson,DET,WR,1,PHI,3000,25.3,62.06030769,63.19256757,15.84448872,0.037,0.6549836282
Noah Brown,DAL,WR,1,TB,3000,30.2,67.87471698,67.09178082,20.37994117,0.061,0.9076023752
Denzel Mims,NYJ,WR,1,BAL,3000,25.1,60.82322581,69.81395349,16.394966,0.048,0.9091503711
Cody Hollister,TEN,WR,1,NYG,3000,68.7,66.51980907,61.86046512,44.09862418,0.022,0.9445067525
N'Keal Harry,CHI,WR,1,SF,3000,36.2,63.25562701,61.48618267,22.57826755,0.05,1.015472703
Dyami Brown,WAS,WR,1,JAX,3000,29.7,62.92238806,60.54229249,18.33450506,0.048,1.084302828
Dez Fitzpatrick,TEN,WR,1,NYG,3000,18.1,66.51980907,61.86046512,11.61841481,0.11,1.24421923
Anthony Miller,PIT,WR,1,CIN,3000,24.7,65.54693878,61.62304348,15.70549281,0.089,1.33369645
Ray-Ray McCloud III,SF,WR,1,CHI,3000,45.9,61.48618267,63.25562701,28.62824532,0.051,1.393104317
Lil'Jordan Humphrey,NE,WR,1,MIA,3000,19.8,61.93593074,64.66187683,12.53318295,0.171,1.617462606
Marcus Johnson,SF,WR,1,CHI,3000,43.8,61.48618267,63.25562701,27.31845632,0.079,2.059216351
Brandon Zylstra,CAR,WR,1,CLE,3000,35,65.12302632,61.91117479,22.23098519,0.093,2.290063846
Mohamed Sanu,MIA,WR,1,NE,3000,47.3,64.66187683,61.93593074,29.94038149,0.074,2.540269253
Jason Moore Jr.,LAC,WR,1,LV,3000,39.8,66.39493671,63.64705882,25.87835711,0.106,2.640281531
Chris Moore,HOU,WR,1,IND,3000,27.3,59.51785714,61.81374723,16.561764,0.145,2.668256237
Jalen Reagor,PHI,WR,1,DET,3000,67,63.19256757,62.06030769,41.95971321,0.06,2.755339212
Mack Hollins,LV,WR,1,LAC,3000,29.5,63.64705882,66.39493671,19.18119434,0.136,3.000519708
Zach Pascal,PHI,WR,1,DET,3000,78.3,63.19256757,62.06030769,49.03650066,0.065,3.488382816
Kristian Wilkerson,NE,WR,1,MIA,3000,33.8,61.93593074,64.66187683,21.39502948,0.242,3.907554236
Dante Pettis,CHI,WR,1,SF,3000,39.6,63.25562701,61.48618267,24.69887832,0.187,4.154573736
Michael Gallup,DAL,WR,1,TB,3000,75,67.87471698,67.09178082,50.61243668,0.113,4.175404478
Calvin Ridley,ATL,WR,1,NO,3000,62.8,59.13865815,61.78956044,37.97146064,0.134,4.747093904
Deonte Harty,NO,WR,1,ATL,3000,31.1,61.78956044,59.13865815,18.80433799,0.259,5.465193244
Jamal Agnew,JAX,WR,1,WAS,3000,40.6,60.54229249,62.92238806,25.06333015,0.177,6.260097877
Quintez Cephus,DET,WR,1,PHI,3000,60.4,62.06030769,63.19256757,37.82636833,0.162,6.846366633
Chris Godwin,TB,WR,1,DAL,3000,84.8,67.09178082,67.87471698,57.22579507,0.173,8.59135896
Kansas City Chiefs,KC,DST,1,ARI,3000,,,,,,7.5
Josiah Deguara,GB,TE,1,MIN,2900,32.9,63.12888889,63.70588235,20.86431987,0.099,2.069094328
Harrison Bryant,CLE,TE,1,CAR,2900,36.3,61.91117479,65.12302632,23.0567075,0.103,2.179371788
Arizona Cardinals,ARI,DST,1,KC,2900,,,,,,6.4
Zach Gentry,PIT,TE,1,CIN,2800,40.3,65.54693878,61.62304348,25.62475142,0.035,0.8557425476
Jonnu Smith,NE,TE,1,MIA,2800,47.6,61.93593074,64.66187683,30.1302782,0.075,1.705458534
Donald Parham Jr.,LAC,TE,1,LV,2800,40.9,66.39493671,63.64705882,26.59358809,0.098,2.508480239
Dan Arnold,JAX,TE,1,WAS,2800,49.9,60.54229249,62.92238806,30.8044378,0.112,4.868558489
Atlanta Falcons,ATL,DST,1,NO,2800,,,,,,6.5
Ryan Griffin,TB,QB,1,DAL,2700,61.6,67.09178082,67.87471698,41.56968132,0.065,2.344844127
Tyler Kroft,SF,TE,1,CHI,2700,47.1,61.48618267,63.25562701,29.37669618,0.064,1.793914158
Ryan Griffin,CHI,TE,1,SF,2700,61.6,63.25562701,61.48618267,38.42047738,0.065,2.246382709
Cameron Brate,TB,TE,1,DAL,2700,39.6,67.09178082,67.87471698,26.72336657,0.103,2.388648907
Maxx Williams,ARI,TE,1,KC,2700,65.8,66.20579065,66.6225,43.70050762,0.114,5.133693376
New England Patriots,NE,DST,1,MIA,2700,,,,,,7.2
Pharaoh Brown,HOU,TE,1,IND,2600,56.8,59.51785714,61.81374723,34.45817564,0.025,0.957161515
Chris Manhertz,JAX,TE,1,WAS,2600,36,60.54229249,62.92238806,22.2236425,0.034,1.066260305
Durham Smythe,MIA,TE,1,NE,2600,62,64.66187683,61.93593074,39.24532035,0.05,2.249824206
James O'Shaughnessy,CHI,TE,1,SF,2600,49.7,63.25562701,61.48618267,30.99833971,0.092,2.5652748
Miami Dolphins,MIA,DST,1,NE,2600,,,,,,8.2
Noah Togiai,PHI,TE,1,DET,2500,12.8,63.19256757,62.06030769,8.016184017,0,0
Jared Pinkney,LAR,TE,1,BUF,2500,24.4,62.33,67.20745342,15.80356932,0,0
Jack Stoll,PHI,TE,1,DET,2500,29.6,63.19256757,62.06030769,18.53742554,0.007,0.1420164887
Tre' McKitty,LAC,TE,1,LV,2500,19.8,66.39493671,63.64705882,12.87415756,0.019,0.2354399147
Richard Rodgers,PHI,TE,1,DET,2500,33.2,63.19256757,62.06030769,20.79197729,0.016,0.3640886043
Tommy Sweeney,BUF,TE,1,LAR,2500,22.3,67.20745342,62.33,14.44342606,0.039,0.5231220497
Blake Bell,KC,TE,1,ARI,2500,26.9,66.6225,66.20579065,17.86540509,0.03,0.5394784904
Adam Shaheen,MIA,TE,1,NE,2500,32.2,64.66187683,61.93593074,20.38224702,0.03,0.7010742525
Jacob Hollister,LV,TE,1,LAC,2500,16,63.64705882,66.39493671,10.40335964,0.066,0.7897678993
Shane Zylstra,DET,TE,1,PHI,2500,31.2,62.06030769,63.19256757,19.53944854,0.041,0.8950486671
O.J. Howard,BUF,TE,1,LAR,2500,30.9,67.20745342,62.33,20.01353655,0.053,0.9850718418
Marcedes Lewis,GB,TE,1,MIN,2500,42.8,63.12888889,63.70588235,27.14264105,0.045,1.223504245
Stephen Anderson,ARI,TE,1,KC,2500,28.8,66.20579065,66.6225,19.12727385,0.065,1.28116488
Nick Vannett,NO,TE,1,ATL,2500,39.9,61.78956044,59.13865815,24.12517961,0.085,2.301109
Brock Wright,DET,TE,1,PHI,2500,43.8,62.06030769,63.19256757,27.43037968,0.079,2.421081455
Washington Commanders,WAS,DST,1,JAX,2500,,,,,,7.9
Jacksonville Jaguars,JAX,DST,1,WAS,2500,,,,,,6.8
Pittsburgh Steelers,PIT,DST,1,CIN,2400,,,,,,6.5
Houston Texans,HOU,DST,1,IND,2400,,,,,,5.7
New York Giants,NYG,DST,1,TEN,2300,,,,,,6.1
New York Jets,NYJ,DST,1,BAL,2300,,,,,,6.7
Chicago Bears,CHI,DST,1,SF,2200,,,,,,7.4
Minnesota Vikings,MIN,DST,1,GB,2200,,,,,,5.7
Las Vegas Raiders,LV,DST,1,LAC,2100,,,,,,5.7
Detroit Lions,DET,DST,1,PHI,2000,,,,,,5.8